One Letter,mass,PI,pka,pkb,pka.1,van der waal volume,Hydrophobicity,hydrophobic,Aliphatic,Aromatic,ph,A,C,D,E,F,G,H,I,K,L,M,N,P,Q,R,S,T,V,W,Y
A,0.10859986698802204,0.3994943109987357,0.8333333333333339,0.5808080808080804,1.0,0.16521739130434776,0.3285302593659942,1,1,0,0,1,0,0,0,0,0,0,0,0,0,0,0,0,0,0,0,0,0,0,0
R,0.7675333091258758,0.9999999999999998,0.03030303030303072,0.1363636363636367,0.3277630079756932,0.8695652173913044,0.521613832853026,0,0,0,3,0,0,0,0,0,0,0,0,0,0,0,0,0,0,1,0,0,0,0,0
N,0.44171048139032343,0.3236409608091024,0.5151515151515156,0.0,1.0,0.4173913043478261,0.3573487031700288,0,0,0,0,0,0,0,0,0,0,0,0,0,0,0,1,0,0,0,0,0,0,0,0
D,0.44933505624362713,0.0,0.28787878787878807,0.595959595959596,0.0,0.3739130434782608,1.0,0,0,0,-2,0,0,1,0,0,0,0,0,0,0,0,0,0,0,0,0,0,0,0,0
C,0.3568166316071455,0.27812895069532234,0.18181818181818166,1.0,0.18533991644511966,0.33043478260869563,0.2968299711815562,1,0,0,-2,0,1,0,0,0,0,0,0,0,0,0,0,0,0,0,0,0,0,0,0
Q,0.5503103483783456,0.3539823008849558,0.5606060606060606,0.20707070707070763,1.0,0.5739130434782609,0.2881844380403458,0,0,0,0,0,0,0,0,0,0,0,0,0,0,0,0,0,1,0,0,0,0,0,0
E,0.5579349232316493,0.037926675094816675,0.45454545454545503,0.3787878787878789,0.022028104823395372,0.5304347826086956,0.7146974063400576,0,0,0,-2,0,0,0,1,0,0,0,0,0,0,0,0,0,0,0,0,0,0,0,0
G,0.0,0.4058154235145384,0.8333333333333339,0.5353535353535355,1.0,0.0,0.5619596541786743,1,0,0,0,0,0,0,0,0,1,0,0,0,0,0,0,0,0,0,0,0,0,0,0
H,0.620071182312349,0.6005056890012641,0.0,0.30808080808080796,0.10900113938473227,0.6086956521739131,0.6195965417867435,0,0,1,1,0,0,0,0,0,0,1,0,0,0,0,0,0,0,0,0,0,0,0,0
I,0.4343986937263715,0.4045512010113779,0.7878787878787881,0.5252525252525251,1.0,0.6608695652173913,0.0,1,1,0,0,0,0,0,0,0,0,0,1,0,0,0,0,0,0,0,0,0,0,0,0
L,0.4343986937263715,0.3994943109987357,0.8030303030303032,0.5151515151515156,1.0,0.6608695652173913,0.03458213256484152,1,1,0,0,0,0,0,0,0,0,0,0,0,1,0,0,0,0,0,0,0,0,0,0
K,0.5506463623391835,0.8533501896333753,0.5454545454545459,0.17171717171717216,0.2556019749335359,0.7565217391304349,0.7550432276657061,0,0,0,2,0,0,0,0,0,0,0,0,1,0,0,0,0,0,0,0,0,0,0,0
M,0.5740163655831896,0.3653603034134007,0.5,0.282828282828282,1.0,0.6608695652173913,0.10662824207492796,1,1,0,0,0,0,0,0,0,0,0,0,0,0,1,0,0,0,0,0,0,0,0,0
F,0.6977686040632913,0.3337547408343869,0.6060606060606064,0.29797979797979846,1.0,0.7565217391304349,0.06628242074927956,1,0,1,0,0,0,0,0,1,0,0,0,0,0,0,0,0,0,0,0,0,0,0,0
P,0.3101919847508502,0.43615676359039185,0.22727272727272751,0.9696969696969706,1.0,0.3652173913043478,0.14409221902017294,1,0,0,0,0,0,0,0,0,0,0,0,0,0,0,0,1,0,0,0,0,0,0,0
S,0.2324713362284213,0.3577749683944373,0.5909090909090908,0.2474747474747474,1.0,0.21739130434782605,0.3285302593659942,0,0,0,0,0,0,0,0,0,0,0,0,0,0,0,0,0,0,0,1,0,0,0,0
T,0.34107120321644324,0.3476611883691529,0.43939393939393945,0.19191919191919116,1.0,0.3913043478260869,0.26512968299711814,0,0,0,0,0,0,0,0,0,0,0,0,0,0,0,0,0,0,0,0,1,0,0,0
W,1.0,0.384323640960809,1.0,0.3484848484848486,1.0,1.0,0.16426512968299714,1,0,1,0,0,0,0,0,0,0,0,0,0,0,0,0,0,0,0,0,0,0,1,0
Y,0.8216400733036908,0.3527180783817951,0.6060606060606064,0.2474747474747474,0.23433345993163696,0.808695652173913,0.2997118155619597,0,0,1,-1,0,0,0,0,0,0,0,0,0,0,0,0,0,0,0,0,0,0,0,1
V,0.3257996009640658,0.39823008849557523,0.8939393939393945,0.5151515151515156,1.0,0.4956521739130435,0.08069164265129683,1,1,0,0,0,0,0,0,0,0,0,0,0,0,0,0,0,0,0,0,0,1,0,0
